{
  "config": {
    "batch_size": 4,
    "seq_len": 512,
    "embed_dim": 512,
    "num_heads": 8,
    "device": "cuda",
    "no_cudnn": false,
    "output": "results.json"
  },
  "results": {
    "pytorch_mha": {
      "mean_time": 0.00036348159909248355,
      "std_time": 1.9942091886517397e-05,
      "min_time": 0.00035123199224472044,
      "max_time": 0.000434112012386322,
      "memory_usage": 51515392
    },
    "sdpa_cudnn": {
      "mean_time": 0.00010266719870269298,
      "std_time": 3.475283290469788e-06,
      "min_time": 9.113600105047225e-05,
      "max_time": 0.0001104319989681244,
      "memory_usage": 17956864,
      "backend": "cuDNN"
    },
    "custom_fmha": {
      "mean_time": 0.00019872480034828187,
      "std_time": 4.096154154629699e-06,
      "min_time": 0.0001955839991569519,
      "max_time": 0.00021606400609016418,
      "memory_usage": 17956864
    },
    "triton_fmha": {
      "mean_time": 7.015840038657188e-05,
      "std_time": 1.0221227297392002e-06,
      "min_time": 6.860800087451935e-05,
      "max_time": 7.267200201749801e-05,
      "memory_usage": 17956864
    }
  },
  "validation": {
    "custom_fmha": {
      "diff": 0.384033203125,
      "max_diff": 3.1640625
    },
    "triton_fmha": {
      "diff": 0.1026611328125,
      "max_diff": 2.822265625
    }
  }
}